id,Col,Col_Standardized
d02,ID,UNCLASSIFIED
d02,LIMIT_BAL,INSTITUTIONAL and FINANCIAL
d02,SEX,DEMOGRAPHIC
d02,EDUCATION,SOCIOECONOMIC
d02,MARRIAGE,DEMOGRAPHIC
d02,AGE,DEMOGRAPHIC
d02,PAY_0,INSTITUTIONAL and FINANCIAL
d02,PAY_2,INSTITUTIONAL and FINANCIAL
d02,PAY_3,INSTITUTIONAL and FINANCIAL
d02,PAY_4,INSTITUTIONAL and FINANCIAL
d02,PAY_5,INSTITUTIONAL and FINANCIAL
d02,PAY_6,INSTITUTIONAL and FINANCIAL
d02,BILL_AMT1,INSTITUTIONAL and FINANCIAL
d02,BILL_AMT2,INSTITUTIONAL and FINANCIAL
d02,BILL_AMT3,INSTITUTIONAL and FINANCIAL
d02,BILL_AMT4,INSTITUTIONAL and FINANCIAL
d02,BILL_AMT5,INSTITUTIONAL and FINANCIAL
d02,BILL_AMT6,INSTITUTIONAL and FINANCIAL
d02,PAY_AMT1,INSTITUTIONAL and FINANCIAL
d02,PAY_AMT2,INSTITUTIONAL and FINANCIAL
d02,PAY_AMT3,INSTITUTIONAL and FINANCIAL
d02,PAY_AMT4,INSTITUTIONAL and FINANCIAL
d02,PAY_AMT5,INSTITUTIONAL and FINANCIAL
d02,PAY_AMT6,INSTITUTIONAL and FINANCIAL
d02,default payment next month,INSTITUTIONAL and FINANCIAL
d03,sex,DEMOGRAPHIC
d03,occupation,SOCIOECONOMIC
d03,education,SOCIOECONOMIC
d03,marriage,DEMOGRAPHIC
d03,household,SOCIOECONOMIC
d03,income,SOCIOECONOMIC
d03,outcome,"VALUES, ATTITUDES and BEHAVIORAL"
d03,income_tm,SOCIOECONOMIC
d03,outcome_tm,"VALUES, ATTITUDES and BEHAVIORAL"
d03,tm_encode_3,UNCLASSIFIED
d03,prior_account,INSTITUTIONAL and FINANCIAL
d03,prior_repay,INSTITUTIONAL and FINANCIAL
d03,credit_limit,INSTITUTIONAL and FINANCIAL
d03,account_balance,INSTITUTIONAL and FINANCIAL
d03,minimun_repay,INSTITUTIONAL and FINANCIAL
d03,consume_count,"VALUES, ATTITUDES and BEHAVIORAL"
d03,account,INSTITUTIONAL and FINANCIAL
d03,adjust_account,INSTITUTIONAL and FINANCIAL
d03,circulated_interest,INSTITUTIONAL and FINANCIAL
d03,avaliable_balance,INSTITUTIONAL and FINANCIAL
d03,cash_limit,INSTITUTIONAL and FINANCIAL
d03,repay_state,INSTITUTIONAL and FINANCIAL
d03,browse_data,ALTERNATIVE
d03,loan_time,INSTITUTIONAL and FINANCIAL
d03,time,UNCLASSIFIED
d03,yu_e,INSTITUTIONAL and FINANCIAL
d03,yu_e_categery,INSTITUTIONAL and FINANCIAL
d03,yu_e_tm,INSTITUTIONAL and FINANCIAL
d03,yu_e_tm_categery,INSTITUTIONAL and FINANCIAL
d03,label,UNCLASSIFIED
d04,as_of_year,UNCLASSIFIED
d04,respondent_id,UNCLASSIFIED
d04,agency_name,UNCLASSIFIED
d04,agency_abbr,UNCLASSIFIED
d04,agency_code,UNCLASSIFIED
d04,loan_type_name,INSTITUTIONAL and FINANCIAL
d04,loan_type,INSTITUTIONAL and FINANCIAL
d04,property_type_name,SOCIOECONOMIC
d04,property_type,SOCIOECONOMIC
d04,loan_purpose_name,"VALUES, ATTITUDES and BEHAVIORAL"
d04,loan_purpose,"VALUES, ATTITUDES and BEHAVIORAL"
d04,owner_occupancy_name,SOCIOECONOMIC
d04,owner_occupancy,SOCIOECONOMIC
d04,loan_amount_000s,INSTITUTIONAL and FINANCIAL
d04,preapproval_name,INSTITUTIONAL and FINANCIAL
d04,preapproval,INSTITUTIONAL and FINANCIAL
d04,action_taken_name,INSTITUTIONAL and FINANCIAL
d04,action_taken,INSTITUTIONAL and FINANCIAL
d04,msamd_name,ALTERNATIVE
d04,msamd,ALTERNATIVE
d04,state_name,ALTERNATIVE
d04,state_abbr,ALTERNATIVE
d04,state_code,ALTERNATIVE
d04,county_name,ALTERNATIVE
d04,county_code,ALTERNATIVE
d04,census_tract_number,ALTERNATIVE
d04,applicant_ethnicity_name,DEMOGRAPHIC
d04,applicant_ethnicity,DEMOGRAPHIC
d04,co_applicant_ethnicity_name,DEMOGRAPHIC
d04,co_applicant_ethnicity,DEMOGRAPHIC
d04,applicant_race_name_1,DEMOGRAPHIC
d04,applicant_race_1,DEMOGRAPHIC
d04,applicant_race_name_2,DEMOGRAPHIC
d04,applicant_race_2,DEMOGRAPHIC
d04,applicant_race_name_3,DEMOGRAPHIC
d04,applicant_race_3,DEMOGRAPHIC
d04,applicant_race_name_4,DEMOGRAPHIC
d04,applicant_race_4,DEMOGRAPHIC
d04,applicant_race_name_5,DEMOGRAPHIC
d04,applicant_race_5,DEMOGRAPHIC
d04,co_applicant_race_name_1,DEMOGRAPHIC
d04,co_applicant_race_1,DEMOGRAPHIC
d04,co_applicant_race_name_2,DEMOGRAPHIC
d04,co_applicant_race_2,DEMOGRAPHIC
d04,co_applicant_race_name_3,DEMOGRAPHIC
d04,co_applicant_race_3,DEMOGRAPHIC
d04,co_applicant_race_name_4,DEMOGRAPHIC
d04,co_applicant_race_4,DEMOGRAPHIC
d04,co_applicant_race_name_5,DEMOGRAPHIC
d04,co_applicant_race_5,DEMOGRAPHIC
d04,applicant_sex_name,DEMOGRAPHIC
d04,applicant_sex,DEMOGRAPHIC
d04,co_applicant_sex_name,DEMOGRAPHIC
d04,co_applicant_sex,DEMOGRAPHIC
d04,applicant_income_000s,SOCIOECONOMIC
d04,purchaser_type_name,INSTITUTIONAL and FINANCIAL
d04,purchaser_type,INSTITUTIONAL and FINANCIAL
d04,denial_reason_name_1,INSTITUTIONAL and FINANCIAL
d04,denial_reason_1,INSTITUTIONAL and FINANCIAL
d04,denial_reason_name_2,INSTITUTIONAL and FINANCIAL
d04,denial_reason_2,INSTITUTIONAL and FINANCIAL
d04,denial_reason_name_3,INSTITUTIONAL and FINANCIAL
d04,denial_reason_3,INSTITUTIONAL and FINANCIAL
d04,rate_spread,INSTITUTIONAL and FINANCIAL
d04,hoepa_status_name,INSTITUTIONAL and FINANCIAL
d04,hoepa_status,INSTITUTIONAL and FINANCIAL
d04,lien_status_name,INSTITUTIONAL and FINANCIAL
d04,lien_status,INSTITUTIONAL and FINANCIAL
d04,edit_status_name,UNCLASSIFIED
d04,edit_status,UNCLASSIFIED
d04,sequence_number,UNCLASSIFIED
d04,population,MACROECONOMIC
d04,minority_population,MACROECONOMIC
d04,hud_median_family_income,MACROECONOMIC
d04,tract_to_msamd_income,MACROECONOMIC
d04,number_of_owner_occupied_units,MACROECONOMIC
d04,number_of_1_to_4_family_units,MACROECONOMIC
d04,application_date_indicator,INSTITUTIONAL and FINANCIAL
d04,activity_year,INSTITUTIONAL and FINANCIAL
d04,respondent_id_1,UNCLASSIFIED
d04,agency_code_1,UNCLASSIFIED
d04,parent_respondent_id,UNCLASSIFIED
d04,parent_name_panel,UNCLASSIFIED
d04,parent_city_panel,ALTERNATIVE
d04,parent_state_panel,ALTERNATIVE
d04,region,ALTERNATIVE
d04,assets,INSTITUTIONAL and FINANCIAL
d04,other_lender_code,UNCLASSIFIED
d04,respondent_name_panel,UNCLASSIFIED
d04,respondent_city_panel,ALTERNATIVE
d04,respondent_state_panel,ALTERNATIVE
d04,top_holder_rssd_id,UNCLASSIFIED
d04,top_holder_name,UNCLASSIFIED
d04,top_holder_city,ALTERNATIVE
d04,top_holder_state,ALTERNATIVE
d04,top_holder_country,ALTERNATIVE
d04,respondent_rssd_id,UNCLASSIFIED
d04,parent_rssd_id,UNCLASSIFIED
d04,respondent_fips_state_number,ALTERNATIVE
d04,activity_year_1,INSTITUTIONAL and FINANCIAL
d04,respondent_id_2,UNCLASSIFIED
d04,agency_code_2,UNCLASSIFIED
d04,federal_tax_id,UNCLASSIFIED
d04,respondent_name,UNCLASSIFIED
d04,respondent_mailing_address,ALTERNATIVE
d04,respondent_city,ALTERNATIVE
d04,respondent_state,ALTERNATIVE
d04,respondent_zip_code,ALTERNATIVE
d04,parent_name,UNCLASSIFIED
d04,parent_address,ALTERNATIVE
d04,parent_city,ALTERNATIVE
d04,parent_state,ALTERNATIVE
d04,parent_zip_code,ALTERNATIVE
d04,lar_count,INSTITUTIONAL and FINANCIAL
d05,AGEP,DEMOGRAPHIC
d05,COW,SOCIOECONOMIC
d05,SCHL,SOCIOECONOMIC
d05,MAR,DEMOGRAPHIC
d05,OCCP,SOCIOECONOMIC
d05,POBP,ALTERNATIVE
d05,RELP,DEMOGRAPHIC
d05,WKHP,SOCIOECONOMIC
d05,SEX,DEMOGRAPHIC
d05,RAC1P,DEMOGRAPHIC
d05,label,UNCLASSIFIED
d05,group,UNCLASSIFIED
d06,id,UNCLASSIFIED
d06,member_id,UNCLASSIFIED
d06,loan_amnt,INSTITUTIONAL and FINANCIAL
d06,funded_amnt,INSTITUTIONAL and FINANCIAL
d06,funded_amnt_inv,INSTITUTIONAL and FINANCIAL
d06,term,INSTITUTIONAL and FINANCIAL
d06,int_rate,INSTITUTIONAL and FINANCIAL
d06,installment,INSTITUTIONAL and FINANCIAL
d06,grade,INSTITUTIONAL and FINANCIAL
d06,sub_grade,INSTITUTIONAL and FINANCIAL
d06,emp_title,SOCIOECONOMIC
d06,emp_length,SOCIOECONOMIC
d06,home_ownership,SOCIOECONOMIC
d06,annual_inc,SOCIOECONOMIC
d06,verification_status,INSTITUTIONAL and FINANCIAL
d06,issue_d,INSTITUTIONAL and FINANCIAL
d06,loan_status,INSTITUTIONAL and FINANCIAL
d06,pymnt_plan,INSTITUTIONAL and FINANCIAL
d06,url,UNCLASSIFIED
d06,_desc,UNCLASSIFIED
d06,purpose,"VALUES, ATTITUDES and BEHAVIORAL"
d06,title,"VALUES, ATTITUDES and BEHAVIORAL"
d06,zip_code,ALTERNATIVE
d06,addr_state,ALTERNATIVE
d06,dti,INSTITUTIONAL and FINANCIAL
d06,delinq_2yrs,INSTITUTIONAL and FINANCIAL
d06,earliest_cr_line,INSTITUTIONAL and FINANCIAL
d06,fico_range_low,INSTITUTIONAL and FINANCIAL
d06,fico_range_high,INSTITUTIONAL and FINANCIAL
d06,inq_last_6mths,INSTITUTIONAL and FINANCIAL
d06,mths_since_last_delinq,INSTITUTIONAL and FINANCIAL
d06,mths_since_last_record,INSTITUTIONAL and FINANCIAL
d06,open_acc,INSTITUTIONAL and FINANCIAL
d06,pub_rec,INSTITUTIONAL and FINANCIAL
d06,revol_bal,INSTITUTIONAL and FINANCIAL
d06,revol_util,INSTITUTIONAL and FINANCIAL
d06,total_acc,INSTITUTIONAL and FINANCIAL
d06,initial_list_status,INSTITUTIONAL and FINANCIAL
d06,out_prncp,INSTITUTIONAL and FINANCIAL
d06,out_prncp_inv,INSTITUTIONAL and FINANCIAL
d06,total_pymnt,INSTITUTIONAL and FINANCIAL
d06,total_pymnt_inv,INSTITUTIONAL and FINANCIAL
d06,total_rec_prncp,INSTITUTIONAL and FINANCIAL
d06,total_rec_int,INSTITUTIONAL and FINANCIAL
d06,total_rec_late_fee,INSTITUTIONAL and FINANCIAL
d06,recoveries,INSTITUTIONAL and FINANCIAL
d06,collection_recovery_fee,INSTITUTIONAL and FINANCIAL
d06,last_pymnt_d,INSTITUTIONAL and FINANCIAL
d06,last_pymnt_amnt,INSTITUTIONAL and FINANCIAL
d06,next_pymnt_d,INSTITUTIONAL and FINANCIAL
d06,last_credit_pull_d,INSTITUTIONAL and FINANCIAL
d06,last_fico_range_high,INSTITUTIONAL and FINANCIAL
d06,last_fico_range_low,INSTITUTIONAL and FINANCIAL
d06,collections_12_mths_ex_med,INSTITUTIONAL and FINANCIAL
d06,mths_since_last_major_derog,INSTITUTIONAL and FINANCIAL
d06,policy_code,UNCLASSIFIED
d06,application_type,INSTITUTIONAL and FINANCIAL
d06,annual_inc_joint,SOCIOECONOMIC
d06,dti_joint,INSTITUTIONAL and FINANCIAL
d06,verification_status_joint,UNCLASSIFIED
d06,acc_now_delinq,INSTITUTIONAL and FINANCIAL
d06,tot_coll_amt,INSTITUTIONAL and FINANCIAL
d06,tot_cur_bal,INSTITUTIONAL and FINANCIAL
d06,open_acc_6m,INSTITUTIONAL and FINANCIAL
d06,open_act_il,INSTITUTIONAL and FINANCIAL
d06,open_il_12m,INSTITUTIONAL and FINANCIAL
d06,open_il_24m,INSTITUTIONAL and FINANCIAL
d06,mths_since_rcnt_il,INSTITUTIONAL and FINANCIAL
d06,total_bal_il,INSTITUTIONAL and FINANCIAL
d06,il_util,INSTITUTIONAL and FINANCIAL
d06,open_rv_12m,INSTITUTIONAL and FINANCIAL
d06,open_rv_24m,INSTITUTIONAL and FINANCIAL
d06,max_bal_bc,INSTITUTIONAL and FINANCIAL
d06,all_util,INSTITUTIONAL and FINANCIAL
d06,total_rev_hi_lim,INSTITUTIONAL and FINANCIAL
d06,inq_fi,INSTITUTIONAL and FINANCIAL
d06,total_cu_tl,INSTITUTIONAL and FINANCIAL
d06,inq_last_12m,INSTITUTIONAL and FINANCIAL
d06,acc_open_past_24mths,INSTITUTIONAL and FINANCIAL
d06,avg_cur_bal,INSTITUTIONAL and FINANCIAL
d06,bc_open_to_buy,INSTITUTIONAL and FINANCIAL
d06,bc_util,INSTITUTIONAL and FINANCIAL
d06,chargeoff_within_12_mths,INSTITUTIONAL and FINANCIAL
d06,delinq_amnt,INSTITUTIONAL and FINANCIAL
d06,mo_sin_old_il_acct,INSTITUTIONAL and FINANCIAL
d06,mo_sin_old_rev_tl_op,INSTITUTIONAL and FINANCIAL
d06,mo_sin_rcnt_rev_tl_op,INSTITUTIONAL and FINANCIAL
d06,mo_sin_rcnt_tl,INSTITUTIONAL and FINANCIAL
d06,mort_acc,SOCIOECONOMIC
d06,mths_since_recent_bc,INSTITUTIONAL and FINANCIAL
d06,mths_since_recent_bc_dlq,INSTITUTIONAL and FINANCIAL
d06,mths_since_recent_inq,INSTITUTIONAL and FINANCIAL
d06,mths_since_recent_revol_delinq,INSTITUTIONAL and FINANCIAL
d06,num_accts_ever_120_pd,INSTITUTIONAL and FINANCIAL
d06,num_actv_bc_tl,INSTITUTIONAL and FINANCIAL
d06,num_actv_rev_tl,INSTITUTIONAL and FINANCIAL
d06,num_bc_sats,INSTITUTIONAL and FINANCIAL
d06,num_bc_tl,INSTITUTIONAL and FINANCIAL
d06,num_il_tl,INSTITUTIONAL and FINANCIAL
d06,num_op_rev_tl,INSTITUTIONAL and FINANCIAL
d06,num_rev_accts,INSTITUTIONAL and FINANCIAL
d06,num_rev_tl_bal_gt_0,INSTITUTIONAL and FINANCIAL
d06,num_sats,INSTITUTIONAL and FINANCIAL
d06,num_tl_120dpd_2m,INSTITUTIONAL and FINANCIAL
d06,num_tl_30dpd,INSTITUTIONAL and FINANCIAL
d06,num_tl_90g_dpd_24m,INSTITUTIONAL and FINANCIAL
d06,num_tl_op_past_12m,INSTITUTIONAL and FINANCIAL
d06,pct_tl_nvr_dlq,INSTITUTIONAL and FINANCIAL
d06,percent_bc_gt_75,INSTITUTIONAL and FINANCIAL
d06,pub_rec_bankruptcies,INSTITUTIONAL and FINANCIAL
d06,tax_liens,INSTITUTIONAL and FINANCIAL
d06,tot_hi_cred_lim,INSTITUTIONAL and FINANCIAL
d06,total_bal_ex_mort,INSTITUTIONAL and FINANCIAL
d06,total_bc_limit,INSTITUTIONAL and FINANCIAL
d06,total_il_high_credit_limit,INSTITUTIONAL and FINANCIAL
d06,revol_bal_joint,INSTITUTIONAL and FINANCIAL
d06,sec_app_fico_range_low,INSTITUTIONAL and FINANCIAL
d06,sec_app_fico_range_high,INSTITUTIONAL and FINANCIAL
d06,sec_app_earliest_cr_line,INSTITUTIONAL and FINANCIAL
d06,sec_app_inq_last_6mths,INSTITUTIONAL and FINANCIAL
d06,sec_app_mort_acc,INSTITUTIONAL and FINANCIAL
d06,sec_app_open_acc,INSTITUTIONAL and FINANCIAL
d06,sec_app_revol_util,INSTITUTIONAL and FINANCIAL
d06,sec_app_open_act_il,INSTITUTIONAL and FINANCIAL
d06,sec_app_num_rev_accts,INSTITUTIONAL and FINANCIAL
d06,sec_app_chargeoff_within_12_mths,INSTITUTIONAL and FINANCIAL
d06,sec_app_collections_12_mths_ex_med,INSTITUTIONAL and FINANCIAL
d06,sec_app_mths_since_last_major_derog,INSTITUTIONAL and FINANCIAL
d06,hardship_flag,SITUATIONAL
d06,hardship_type,SITUATIONAL
d06,hardship_reason,SITUATIONAL
d06,hardship_status,SITUATIONAL
d06,deferral_term,INSTITUTIONAL and FINANCIAL
d06,hardship_amount,INSTITUTIONAL and FINANCIAL
d06,hardship_start_date,SITUATIONAL
d06,hardship_end_date,SITUATIONAL
d06,payment_plan_start_date,INSTITUTIONAL and FINANCIAL
d06,hardship_length,SITUATIONAL
d06,hardship_dpd,INSTITUTIONAL and FINANCIAL
d06,hardship_loan_status,INSTITUTIONAL and FINANCIAL
d06,orig_projected_additional_accrued_interest,INSTITUTIONAL and FINANCIAL
d06,hardship_payoff_balance_amount,INSTITUTIONAL and FINANCIAL
d06,hardship_last_payment_amount,INSTITUTIONAL and FINANCIAL
d06,disbursement_method,INSTITUTIONAL and FINANCIAL
d06,debt_settlement_flag,INSTITUTIONAL and FINANCIAL
d06,debt_settlement_flag_date,INSTITUTIONAL and FINANCIAL
d06,settlement_status,INSTITUTIONAL and FINANCIAL
d06,settlement_date,INSTITUTIONAL and FINANCIAL
d06,settlement_amount,INSTITUTIONAL and FINANCIAL
d06,settlement_percentage,INSTITUTIONAL and FINANCIAL
d06,settlement_term,INSTITUTIONAL and FINANCIAL
d07,age,DEMOGRAPHIC
d07,workclass,SOCIOECONOMIC
d07,fnlwgt,UNCLASSIFIED
d07,education,SOCIOECONOMIC
d07,education_num,SOCIOECONOMIC
d07,marital_status,DEMOGRAPHIC
d07,occupation,SOCIOECONOMIC
d07,relationship,DEMOGRAPHIC
d07,race,DEMOGRAPHIC
d07,sex,DEMOGRAPHIC
d07,capital_gain,INSTITUTIONAL and FINANCIAL
d07,capital_loss,INSTITUTIONAL and FINANCIAL
d07,hours_per_week,SOCIOECONOMIC
d07,native_country,ALTERNATIVE
d07,income,SOCIOECONOMIC
d07,dataset_split,UNCLASSIFIED
d08,status,INSTITUTIONAL and FINANCIAL
d08,duration,INSTITUTIONAL and FINANCIAL
d08,credit_history,INSTITUTIONAL and FINANCIAL
d08,purpose,"VALUES, ATTITUDES and BEHAVIORAL"
d08,amount,INSTITUTIONAL and FINANCIAL
d08,savings,INSTITUTIONAL and FINANCIAL
d08,employment_duration,SOCIOECONOMIC
d08,installment_rate,INSTITUTIONAL and FINANCIAL
d08,personal_status_sex,DEMOGRAPHIC
d08,other_debtors,INSTITUTIONAL and FINANCIAL
d08,present_residence,ALTERNATIVE
d08,property,SOCIOECONOMIC
d08,age,DEMOGRAPHIC
d08,other_installment_plans,INSTITUTIONAL and FINANCIAL
d08,housing,SOCIOECONOMIC
d08,number_credits,INSTITUTIONAL and FINANCIAL
d08,job,SOCIOECONOMIC
d08,people_liable,SOCIOECONOMIC
d08,telephone,ALTERNATIVE
d08,foreign_worker,SOCIOECONOMIC
d08,credit_risk,INSTITUTIONAL and FINANCIAL
d09,id_cliente,UNCLASSIFIED
d09,sexo,DEMOGRAPHIC
d09,idade,DEMOGRAPHIC
d09,cidade,ALTERNATIVE
d09,tipo_credito,INSTITUTIONAL and FINANCIAL
d09,valor_credito,INSTITUTIONAL and FINANCIAL
d09,taxa_juros,INSTITUTIONAL and FINANCIAL
d09,prazo_credito,INSTITUTIONAL and FINANCIAL
d09,data_contrato,INSTITUTIONAL and FINANCIAL
d09,status,INSTITUTIONAL and FINANCIAL
d09,escolaridade,SOCIOECONOMIC
d10,FinancialDistressNextTwoYears,"VALUES, ATTITUDES and BEHAVIORAL"
d10,RevolvingUtilizationOfUnsecuredLines,INSTITUTIONAL and FINANCIAL
d10,age,DEMOGRAPHIC
d10,NumberOfTime30-59DaysPastDueNotWorse,INSTITUTIONAL and FINANCIAL
d10,DebtRatio,INSTITUTIONAL and FINANCIAL
d10,MonthlyIncome,SOCIOECONOMIC
d10,NumberOfOpenCreditLinesAndLoans,INSTITUTIONAL and FINANCIAL
d10,NumberOfTimes90DaysLate,INSTITUTIONAL and FINANCIAL
d10,NumberRealEstateLoansOrLines,INSTITUTIONAL and FINANCIAL
d10,NumberOfTime60-89DaysPastDueNotWorse,INSTITUTIONAL and FINANCIAL
d10,NumberOfDependents,DEMOGRAPHIC
d11,SK_ID_CURR,UNCLASSIFIED
d11,TARGET,UNCLASSIFIED
d11,NAME_CONTRACT_TYPE,INSTITUTIONAL and FINANCIAL
d11,CODE_GENDER,DEMOGRAPHIC
d11,FLAG_OWN_CAR,SOCIOECONOMIC
d11,FLAG_OWN_REALTY,SOCIOECONOMIC
d11,CNT_CHILDREN,DEMOGRAPHIC
d11,AMT_INCOME_TOTAL,SOCIOECONOMIC
d11,AMT_CREDIT,INSTITUTIONAL and FINANCIAL
d11,AMT_ANNUITY,INSTITUTIONAL and FINANCIAL
d11,AMT_GOODS_PRICE,INSTITUTIONAL and FINANCIAL
d11,NAME_TYPE_SUITE,SOCIOECONOMIC
d11,NAME_INCOME_TYPE,SOCIOECONOMIC
d11,NAME_EDUCATION_TYPE,SOCIOECONOMIC
d11,NAME_FAMILY_STATUS,DEMOGRAPHIC
d11,NAME_HOUSING_TYPE,SOCIOECONOMIC
d11,REGION_POPULATION_RELATIVE,ALTERNATIVE
d11,DAYS_BIRTH,DEMOGRAPHIC
d11,DAYS_EMPLOYED,SOCIOECONOMIC
d11,DAYS_REGISTRATION,ALTERNATIVE
d11,DAYS_ID_PUBLISH,ALTERNATIVE
d11,OWN_CAR_AGE,SOCIOECONOMIC
d11,FLAG_MOBIL,ALTERNATIVE
d11,FLAG_EMP_PHONE,ALTERNATIVE
d11,FLAG_WORK_PHONE,ALTERNATIVE
d11,FLAG_CONT_MOBILE,ALTERNATIVE
d11,FLAG_PHONE,ALTERNATIVE
d11,FLAG_EMAIL,ALTERNATIVE
d11,OCCUPATION_TYPE,SOCIOECONOMIC
d11,CNT_FAM_MEMBERS,DEMOGRAPHIC
d11,REGION_RATING_CLIENT,ALTERNATIVE
d11,REGION_RATING_CLIENT_W_CITY,ALTERNATIVE
d11,WEEKDAY_APPR_PROCESS_START,INSTITUTIONAL and FINANCIAL
d11,HOUR_APPR_PROCESS_START,INSTITUTIONAL and FINANCIAL
d11,REG_REGION_NOT_LIVE_REGION,ALTERNATIVE
d11,REG_REGION_NOT_WORK_REGION,ALTERNATIVE
d11,LIVE_REGION_NOT_WORK_REGION,ALTERNATIVE
d11,REG_CITY_NOT_LIVE_CITY,ALTERNATIVE
d11,REG_CITY_NOT_WORK_CITY,ALTERNATIVE
d11,LIVE_CITY_NOT_WORK_CITY,ALTERNATIVE
d11,ORGANIZATION_TYPE,SOCIOECONOMIC
d11,EXT_SOURCE_1,INSTITUTIONAL and FINANCIAL
d11,EXT_SOURCE_2,INSTITUTIONAL and FINANCIAL
d11,EXT_SOURCE_3,INSTITUTIONAL and FINANCIAL
d11,APARTMENTS_AVG,SOCIOECONOMIC
d11,BASEMENTAREA_AVG,SOCIOECONOMIC
d11,YEARS_BEGINEXPLUATATION_AVG,SOCIOECONOMIC
d11,YEARS_BUILD_AVG,SOCIOECONOMIC
d11,COMMONAREA_AVG,SOCIOECONOMIC
d11,ELEVATORS_AVG,SOCIOECONOMIC
d11,ENTRANCES_AVG,SOCIOECONOMIC
d11,FLOORSMAX_AVG,SOCIOECONOMIC
d11,FLOORSMIN_AVG,SOCIOECONOMIC
d11,LANDAREA_AVG,SOCIOECONOMIC
d11,LIVINGAPARTMENTS_AVG,SOCIOECONOMIC
d11,LIVINGAREA_AVG,SOCIOECONOMIC
d11,NONLIVINGAPARTMENTS_AVG,SOCIOECONOMIC
d11,NONLIVINGAREA_AVG,SOCIOECONOMIC
d11,APARTMENTS_MODE,SOCIOECONOMIC
d11,BASEMENTAREA_MODE,SOCIOECONOMIC
d11,YEARS_BEGINEXPLUATATION_MODE,SOCIOECONOMIC
d11,YEARS_BUILD_MODE,SOCIOECONOMIC
d11,COMMONAREA_MODE,SOCIOECONOMIC
d11,ELEVATORS_MODE,SOCIOECONOMIC
d11,ENTRANCES_MODE,SOCIOECONOMIC
d11,FLOORSMAX_MODE,SOCIOECONOMIC
d11,FLOORSMIN_MODE,SOCIOECONOMIC
d11,LANDAREA_MODE,SOCIOECONOMIC
d11,LIVINGAPARTMENTS_MODE,SOCIOECONOMIC
d11,LIVINGAREA_MODE,SOCIOECONOMIC
d11,NONLIVINGAPARTMENTS_MODE,SOCIOECONOMIC
d11,NONLIVINGAREA_MODE,SOCIOECONOMIC
d11,APARTMENTS_MEDI,SOCIOECONOMIC
d11,BASEMENTAREA_MEDI,SOCIOECONOMIC
d11,YEARS_BEGINEXPLUATATION_MEDI,SOCIOECONOMIC
d11,YEARS_BUILD_MEDI,SOCIOECONOMIC
d11,COMMONAREA_MEDI,SOCIOECONOMIC
d11,ELEVATORS_MEDI,SOCIOECONOMIC
d11,ENTRANCES_MEDI,SOCIOECONOMIC
d11,FLOORSMAX_MEDI,SOCIOECONOMIC
d11,FLOORSMIN_MEDI,SOCIOECONOMIC
d11,LANDAREA_MEDI,SOCIOECONOMIC
d11,LIVINGAPARTMENTS_MEDI,SOCIOECONOMIC
d11,LIVINGAREA_MEDI,SOCIOECONOMIC
d11,NONLIVINGAPARTMENTS_MEDI,SOCIOECONOMIC
d11,NONLIVINGAREA_MEDI,SOCIOECONOMIC
d11,FONDKAPREMONT_MODE,SOCIOECONOMIC
d11,HOUSETYPE_MODE,SOCIOECONOMIC
d11,TOTALAREA_MODE,SOCIOECONOMIC
d11,WALLSMATERIAL_MODE,SOCIOECONOMIC
d11,EMERGENCYSTATE_MODE,SOCIOECONOMIC
d11,OBS_30_CNT_SOCIAL_CIRCLE,ALTERNATIVE
d11,DEF_30_CNT_SOCIAL_CIRCLE,ALTERNATIVE
d11,OBS_60_CNT_SOCIAL_CIRCLE,ALTERNATIVE
d11,DEF_60_CNT_SOCIAL_CIRCLE,ALTERNATIVE
d11,DAYS_LAST_PHONE_CHANGE,ALTERNATIVE
d11,FLAG_DOCUMENT_2,UNCLASSIFIED
d11,FLAG_DOCUMENT_3,UNCLASSIFIED
d11,FLAG_DOCUMENT_4,UNCLASSIFIED
d11,FLAG_DOCUMENT_5,UNCLASSIFIED
d11,FLAG_DOCUMENT_6,UNCLASSIFIED
d11,FLAG_DOCUMENT_7,UNCLASSIFIED
d11,FLAG_DOCUMENT_8,UNCLASSIFIED
d11,FLAG_DOCUMENT_9,UNCLASSIFIED
d11,FLAG_DOCUMENT_10,UNCLASSIFIED
d11,FLAG_DOCUMENT_11,UNCLASSIFIED
d11,FLAG_DOCUMENT_12,UNCLASSIFIED
d11,FLAG_DOCUMENT_13,UNCLASSIFIED
d11,FLAG_DOCUMENT_14,UNCLASSIFIED
d11,FLAG_DOCUMENT_15,UNCLASSIFIED
d11,FLAG_DOCUMENT_16,UNCLASSIFIED
d11,FLAG_DOCUMENT_17,UNCLASSIFIED
d11,FLAG_DOCUMENT_18,UNCLASSIFIED
d11,FLAG_DOCUMENT_19,UNCLASSIFIED
d11,FLAG_DOCUMENT_20,UNCLASSIFIED
d11,FLAG_DOCUMENT_21,UNCLASSIFIED
d11,AMT_REQ_CREDIT_BUREAU_HOUR,INSTITUTIONAL and FINANCIAL
d11,AMT_REQ_CREDIT_BUREAU_DAY,INSTITUTIONAL and FINANCIAL
d11,AMT_REQ_CREDIT_BUREAU_WEEK,INSTITUTIONAL and FINANCIAL
d11,AMT_REQ_CREDIT_BUREAU_MON,INSTITUTIONAL and FINANCIAL
d11,AMT_REQ_CREDIT_BUREAU_QRT,INSTITUTIONAL and FINANCIAL
d11,AMT_REQ_CREDIT_BUREAU_YEAR,INSTITUTIONAL and FINANCIAL
d11,hc_qtd_pedidos_anteriores,INSTITUTIONAL and FINANCIAL
d11,hc_qtd_recusas_anteriores,INSTITUTIONAL and FINANCIAL
d11,bu_qtd_creditos_outros_bancos,INSTITUTIONAL and FINANCIAL
d11,bu_total_divida_outros_bancos,INSTITUTIONAL and FINANCIAL
d11,pg_total_pago_historico,INSTITUTIONAL and FINANCIAL
d11,pg_media_dias_atraso,INSTITUTIONAL and FINANCIAL
d12,RiskPerformance,INSTITUTIONAL and FINANCIAL
d12,ExternalRiskEstimate,INSTITUTIONAL and FINANCIAL
d12,MSinceOldestTradeOpen,INSTITUTIONAL and FINANCIAL
d12,MSinceMostRecentTradeOpen,INSTITUTIONAL and FINANCIAL
d12,AverageMInFile,INSTITUTIONAL and FINANCIAL
d12,NumSatisfactoryTrades,INSTITUTIONAL and FINANCIAL
d12,NumTrades60Ever2DerogPubRec,INSTITUTIONAL and FINANCIAL
d12,NumTrades90Ever2DerogPubRec,INSTITUTIONAL and FINANCIAL
d12,PercentTradesNeverDelq,INSTITUTIONAL and FINANCIAL
d12,MSinceMostRecentDelq,INSTITUTIONAL and FINANCIAL
d12,MaxDelq2PublicRecLast12M,INSTITUTIONAL and FINANCIAL
d12,MaxDelqEver,INSTITUTIONAL and FINANCIAL
d12,NumTotalTrades,INSTITUTIONAL and FINANCIAL
d12,NumTradesOpeninLast12M,INSTITUTIONAL and FINANCIAL
d12,PercentInstallTrades,INSTITUTIONAL and FINANCIAL
d12,MSinceMostRecentInqexcl7days,INSTITUTIONAL and FINANCIAL
d12,NumInqLast6M,INSTITUTIONAL and FINANCIAL
d12,NumInqLast6Mexcl7days,INSTITUTIONAL and FINANCIAL
d12,NetFractionRevolvingBurden,INSTITUTIONAL and FINANCIAL
d12,NetFractionInstallBurden,INSTITUTIONAL and FINANCIAL
d12,NumRevolvingTradesWBalance,INSTITUTIONAL and FINANCIAL
d12,NumInstallTradesWBalance,INSTITUTIONAL and FINANCIAL
d12,NumBank2NatlTradesWHighUtilization,INSTITUTIONAL and FINANCIAL
d12,PercentTradesWBalance,INSTITUTIONAL and FINANCIAL
d13,BAD,INSTITUTIONAL and FINANCIAL
d13,LOAN,INSTITUTIONAL and FINANCIAL
d13,MORTDUE,INSTITUTIONAL and FINANCIAL
d13,VALUE,SOCIOECONOMIC
d13,REASON,"VALUES, ATTITUDES and BEHAVIORAL"
d13,JOB,SOCIOECONOMIC
d13,YOJ,SOCIOECONOMIC
d13,DEROG,INSTITUTIONAL and FINANCIAL
d13,DELINQ,INSTITUTIONAL and FINANCIAL
d13,CLAGE,INSTITUTIONAL and FINANCIAL
d13,NINQ,INSTITUTIONAL and FINANCIAL
d13,CLNO,INSTITUTIONAL and FINANCIAL
d13,DEBTINC,SOCIOECONOMIC
d14,Loanref,UNCLASSIFIED
d14,Credit_Score,INSTITUTIONAL and FINANCIAL
d14,Mortgage_Insurance,INSTITUTIONAL and FINANCIAL
d14,Number_of_units,SOCIOECONOMIC
d14,CLoan_to_value,INSTITUTIONAL and FINANCIAL
d14,Debt_to_income,SOCIOECONOMIC
d14,OLoan_to_value,INSTITUTIONAL and FINANCIAL
d14,Single_borrower,DEMOGRAPHIC
d14,is_Loan_purpose_purc,"VALUES, ATTITUDES and BEHAVIORAL"
d14,is_Loan_purpose_cash,"VALUES, ATTITUDES and BEHAVIORAL"
d14,is_Loan_purpose_noca,"VALUES, ATTITUDES and BEHAVIORAL"
d14,is_First_time_homeowner,SOCIOECONOMIC
d14,is_First_time_homeowner_No,SOCIOECONOMIC
d14,is_First_time_homeowner_miss,SOCIOECONOMIC
d14,is_Occupancy_status_prim,SOCIOECONOMIC
d14,is_Occupancy_status_inve,SOCIOECONOMIC
d14,is_Occupancy_status_seco,SOCIOECONOMIC
d14,is_Origination_channel_reta,INSTITUTIONAL and FINANCIAL
d14,is_Origination_channel_brok,INSTITUTIONAL and FINANCIAL
d14,is_Origination_channel_corr,INSTITUTIONAL and FINANCIAL
d14,is_Property_type_cond,SOCIOECONOMIC
d14,is_Property_type_coop,SOCIOECONOMIC
d14,is_Property_type_manu,SOCIOECONOMIC
d14,is_Property_type_pud,SOCIOECONOMIC
d14,is_Property_type_sing,SOCIOECONOMIC
d14,is_property_state_AK,ALTERNATIVE
d14,is_property_state_AL,ALTERNATIVE
d14,is_property_state_AR,ALTERNATIVE
d14,is_property_state_AZ,ALTERNATIVE
d14,is_property_state_CA,ALTERNATIVE
d14,is_property_state_CO,ALTERNATIVE
d14,is_property_state_CT,ALTERNATIVE
d14,is_property_state_DC,ALTERNATIVE
d14,is_property_state_DE,ALTERNATIVE
d14,is_property_state_FL,ALTERNATIVE
d14,is_property_state_GA,ALTERNATIVE
d14,is_property_state_GU,ALTERNATIVE
d14,is_property_state_HI,ALTERNATIVE
d14,is_property_state_IA,ALTERNATIVE
d14,is_property_state_ID,ALTERNATIVE
d14,is_property_state_IL,ALTERNATIVE
d14,is_property_state_IN,ALTERNATIVE
d14,is_property_state_KS,ALTERNATIVE
d14,is_property_state_KY,ALTERNATIVE
d14,is_property_state_LA,ALTERNATIVE
d14,is_property_state_MA,ALTERNATIVE
d14,is_property_state_MD,ALTERNATIVE
d14,is_property_state_ME,ALTERNATIVE
d14,is_property_state_MI,ALTERNATIVE
d14,is_property_state_MN,ALTERNATIVE
d14,is_property_state_MO,ALTERNATIVE
d14,is_property_state_MS,ALTERNATIVE
d14,is_property_state_MT,ALTERNATIVE
d14,is_property_state_NC,ALTERNATIVE
d14,is_property_state_ND,ALTERNATIVE
d14,is_property_state_NE,ALTERNATIVE
d14,is_property_state_NH,ALTERNATIVE
d14,is_property_state_NJ,ALTERNATIVE
d14,is_property_state_NM,ALTERNATIVE
d14,is_property_state_NV,ALTERNATIVE
d14,is_property_state_NY,ALTERNATIVE
d14,is_property_state_OH,ALTERNATIVE
d14,is_property_state_OK,ALTERNATIVE
d14,is_property_state_OR,ALTERNATIVE
d14,is_property_state_PA,ALTERNATIVE
d14,is_property_state_PR,ALTERNATIVE
d14,is_property_state_RI,ALTERNATIVE
d14,is_property_state_SC,ALTERNATIVE
d14,is_property_state_SD,ALTERNATIVE
d14,is_property_state_TN,ALTERNATIVE
d14,is_property_state_TX,ALTERNATIVE
d14,is_property_state_UT,ALTERNATIVE
d14,is_property_state_VA,ALTERNATIVE
d14,is_property_state_VI,ALTERNATIVE
d14,is_property_state_VT,ALTERNATIVE
d14,is_property_state_WA,ALTERNATIVE
d14,is_property_state_WI,ALTERNATIVE
d14,is_property_state_WV,ALTERNATIVE
d14,is_property_state_WY,ALTERNATIVE
d14,DFlag,UNCLASSIFIED
d15,ListingKey,UNCLASSIFIED
d15,ListingNumber,UNCLASSIFIED
d15,ListingCreationDate,UNCLASSIFIED
d15,CreditGrade,INSTITUTIONAL and FINANCIAL
d15,Term,INSTITUTIONAL and FINANCIAL
d15,LoanStatus,INSTITUTIONAL and FINANCIAL
d15,ClosedDate,INSTITUTIONAL and FINANCIAL
d15,BorrowerAPR,INSTITUTIONAL and FINANCIAL
d15,BorrowerRate,INSTITUTIONAL and FINANCIAL
d15,LenderYield,INSTITUTIONAL and FINANCIAL
d15,EstimatedEffectiveYield,INSTITUTIONAL and FINANCIAL
d15,EstimatedLoss,INSTITUTIONAL and FINANCIAL
d15,EstimatedReturn,INSTITUTIONAL and FINANCIAL
d15,ProsperRating (numeric),INSTITUTIONAL and FINANCIAL
d15,ProsperRating (Alpha),INSTITUTIONAL and FINANCIAL
d15,ProsperScore,INSTITUTIONAL and FINANCIAL
d15,ListingCategory (numeric),INSTITUTIONAL and FINANCIAL
d15,BorrowerState,ALTERNATIVE
d15,Occupation,SOCIOECONOMIC
d15,EmploymentStatus,SOCIOECONOMIC
d15,EmploymentStatusDuration,SOCIOECONOMIC
d15,IsBorrowerHomeowner,SOCIOECONOMIC
d15,CurrentlyInGroup,INSTITUTIONAL and FINANCIAL
d15,GroupKey,UNCLASSIFIED
d15,DateCreditPulled,INSTITUTIONAL and FINANCIAL
d15,CreditScoreRangeLower,INSTITUTIONAL and FINANCIAL
d15,CreditScoreRangeUpper,INSTITUTIONAL and FINANCIAL
d15,FirstRecordedCreditLine,INSTITUTIONAL and FINANCIAL
d15,CurrentCreditLines,INSTITUTIONAL and FINANCIAL
d15,OpenCreditLines,INSTITUTIONAL and FINANCIAL
d15,TotalCreditLinespast7years,INSTITUTIONAL and FINANCIAL
d15,OpenRevolvingAccounts,INSTITUTIONAL and FINANCIAL
d15,OpenRevolvingMonthlyPayment,INSTITUTIONAL and FINANCIAL
d15,InquiriesLast6Months,INSTITUTIONAL and FINANCIAL
d15,TotalInquiries,INSTITUTIONAL and FINANCIAL
d15,CurrentDelinquencies,INSTITUTIONAL and FINANCIAL
d15,AmountDelinquent,INSTITUTIONAL and FINANCIAL
d15,DelinquenciesLast7Years,INSTITUTIONAL and FINANCIAL
d15,PublicRecordsLast10Years,INSTITUTIONAL and FINANCIAL
d15,PublicRecordsLast12Months,INSTITUTIONAL and FINANCIAL
d15,RevolvingCreditBalance,INSTITUTIONAL and FINANCIAL
d15,BankcardUtilization,INSTITUTIONAL and FINANCIAL
d15,AvailableBankcardCredit,INSTITUTIONAL and FINANCIAL
d15,TotalTrades,INSTITUTIONAL and FINANCIAL
d15,TradesNeverDelinquent (percentage),INSTITUTIONAL and FINANCIAL
d15,TradesOpenedLast6Months,INSTITUTIONAL and FINANCIAL
d15,DebtToIncomeRatio,SOCIOECONOMIC
d15,IncomeRange,SOCIOECONOMIC
d15,IncomeVerifiable,SOCIOECONOMIC
d15,StatedMonthlyIncome,SOCIOECONOMIC
d15,LoanKey,UNCLASSIFIED
d15,TotalProsperLoans,INSTITUTIONAL and FINANCIAL
d15,TotalProsperPaymentsBilled,INSTITUTIONAL and FINANCIAL
d15,OnTimeProsperPayments,INSTITUTIONAL and FINANCIAL
d15,ProsperPaymentsLessThanOneMonthLate,INSTITUTIONAL and FINANCIAL
d15,ProsperPaymentsOneMonthPlusLate,INSTITUTIONAL and FINANCIAL
d15,ProsperPrincipalBorrowed,INSTITUTIONAL and FINANCIAL
d15,ProsperPrincipalOutstanding,INSTITUTIONAL and FINANCIAL
d15,ScorexChangeAtTimeOfListing,INSTITUTIONAL and FINANCIAL
d15,LoanCurrentDaysDelinquent,INSTITUTIONAL and FINANCIAL
d15,LoanFirstDefaultedCycleNumber,INSTITUTIONAL and FINANCIAL
d15,LoanMonthsSinceOrigination,INSTITUTIONAL and FINANCIAL
d15,LoanNumber,UNCLASSIFIED
d15,LoanOriginalAmount,INSTITUTIONAL and FINANCIAL
d15,LoanOriginationDate,INSTITUTIONAL and FINANCIAL
d15,LoanOriginationQuarter,INSTITUTIONAL and FINANCIAL
d15,MemberKey,UNCLASSIFIED
d15,MonthlyLoanPayment,INSTITUTIONAL and FINANCIAL
d15,LP_CustomerPayments,INSTITUTIONAL and FINANCIAL
d15,LP_CustomerPrincipalPayments,INSTITUTIONAL and FINANCIAL
d15,LP_InterestandFees,INSTITUTIONAL and FINANCIAL
d15,LP_ServiceFees,INSTITUTIONAL and FINANCIAL
d15,LP_CollectionFees,INSTITUTIONAL and FINANCIAL
d15,LP_GrossPrincipalLoss,INSTITUTIONAL and FINANCIAL
d15,LP_NetPrincipalLoss,INSTITUTIONAL and FINANCIAL
d15,LP_NonPrincipalRecoverypayments,INSTITUTIONAL and FINANCIAL
d15,PercentFunded,INSTITUTIONAL and FINANCIAL
d15,Recommendations,ALTERNATIVE
d15,InvestmentFromFriendsCount,ALTERNATIVE
d15,InvestmentFromFriendsAmount,ALTERNATIVE
d15,Investors,ALTERNATIVE
d16,loan_sequence_number,UNCLASSIFIED
d16,first_payment_date,INSTITUTIONAL and FINANCIAL
d16,first_time_homebuyer_indicator,SOCIOECONOMIC
d16,maturity_date,INSTITUTIONAL and FINANCIAL
d16,metropolitan_statistical_area__msa__or_metropolitan_division,ALTERNATIVE
d16,mortgage_insurance_percentage__mi___,INSTITUTIONAL and FINANCIAL
d16,number_of_units,SOCIOECONOMIC
d16,occupancy_status,SOCIOECONOMIC
d16,original_combined_loan_to_value__cltv_,INSTITUTIONAL and FINANCIAL
d16,original_debt_to_income__dti__ratio,SOCIOECONOMIC
d16,original_upb,INSTITUTIONAL and FINANCIAL
d16,original_loan_to_value__ltv_,INSTITUTIONAL and FINANCIAL
d16,original_interest_rate,INSTITUTIONAL and FINANCIAL
d16,channel,ALTERNATIVE
d16,prepayment_penalty_indicator,INSTITUTIONAL and FINANCIAL
d16,amortization_type,INSTITUTIONAL and FINANCIAL
d16,property_state,ALTERNATIVE
d16,property_type,SOCIOECONOMIC
d16,postal_code,ALTERNATIVE
d16,loan_identifier,UNCLASSIFIED
d16,loan_purpose,"VALUES, ATTITUDES and BEHAVIORAL"
d16,original_loan_term,INSTITUTIONAL and FINANCIAL
d16,number_of_borrowers,DEMOGRAPHIC
d16,seller_name,UNCLASSIFIED
d16,super_conforming_flag,INSTITUTIONAL and FINANCIAL
d16,pre_harp_loan_sequence_number,UNCLASSIFIED
d16,special_eligibility_program,INSTITUTIONAL and FINANCIAL
d16,harp_indicator,INSTITUTIONAL and FINANCIAL
d16,property_valuation_method,SOCIOECONOMIC
d16,interest_only__i_o__indicator,INSTITUTIONAL and FINANCIAL
d16,vantagescore_4_0,INSTITUTIONAL and FINANCIAL
d16,period,INSTITUTIONAL and FINANCIAL
d16,current_actual_upb,INSTITUTIONAL and FINANCIAL
d16,current_loan_delinquency_status,INSTITUTIONAL and FINANCIAL
d16,loan_age,INSTITUTIONAL and FINANCIAL
d16,remaining_months_to_legal_maturity,INSTITUTIONAL and FINANCIAL
d16,underwriting_defect_and_major_servicing_defect_settlement_date,INSTITUTIONAL and FINANCIAL
d16,modification_flag,INSTITUTIONAL and FINANCIAL
d16,zero_balance_code,INSTITUTIONAL and FINANCIAL
d16,zero_balance_effective_date,INSTITUTIONAL and FINANCIAL
d16,current_interest_rate,INSTITUTIONAL and FINANCIAL
d16,current_non_interest_bearing_upb,INSTITUTIONAL and FINANCIAL
d16,due_date_of_last_paid_installment__ddlpi_,INSTITUTIONAL and FINANCIAL
d16,mi_recoveries,INSTITUTIONAL and FINANCIAL
d16,net_sales_proceeds,INSTITUTIONAL and FINANCIAL
d16,non_mi_recoveries,INSTITUTIONAL and FINANCIAL
d16,total_expenses,INSTITUTIONAL and FINANCIAL
d16,legal_costs,INSTITUTIONAL and FINANCIAL
d16,maintenance_and_preservation_costs,SOCIOECONOMIC
d16,taxes_and_insurance,SOCIOECONOMIC
d16,miscellaneous_expenses,"VALUES, ATTITUDES and BEHAVIORAL"
d16,actual_loss,INSTITUTIONAL and FINANCIAL
d16,cumulative_modification_costs,INSTITUTIONAL and FINANCIAL
d16,interest_rate_step_indicator,INSTITUTIONAL and FINANCIAL
d16,payment_deferral_flag,INSTITUTIONAL and FINANCIAL
d16,estimated_loan_to_value__eltv_,INSTITUTIONAL and FINANCIAL
d16,zero_balance_removal_upb,INSTITUTIONAL and FINANCIAL
d16,delinquent_accrued_interest,INSTITUTIONAL and FINANCIAL
d16,delinquency_due_to_disaster,SITUATIONAL
d16,borrower_assistance_plan,INSTITUTIONAL and FINANCIAL
d16,current_period_modification_costs,INSTITUTIONAL and FINANCIAL
d16,current_interest_bearing_upb,INSTITUTIONAL and FINANCIAL
d16,mortgage_insurance_cancellation_indicator,INSTITUTIONAL and FINANCIAL
d16,servicer_name,ALTERNATIVE
d16,bankruptcy_cramdown_costs,INSTITUTIONAL and FINANCIAL
d17,LoanId,UNCLASSIFIED
d17,LoanNumber,UNCLASSIFIED
d17,ListedOnUTC,UNCLASSIFIED
d17,BiddingStartedOn,UNCLASSIFIED
d17,BidsPortfolioManager,UNCLASSIFIED
d17,BidsApi,UNCLASSIFIED
d17,BidsManual,UNCLASSIFIED
d17,NewCreditCustomer,INSTITUTIONAL and FINANCIAL
d17,LoanApplicationStartedDate,INSTITUTIONAL and FINANCIAL
d17,LoanDate,INSTITUTIONAL and FINANCIAL
d17,ContractEndDate,INSTITUTIONAL and FINANCIAL
d17,FirstPaymentDate,INSTITUTIONAL and FINANCIAL
d17,MaturityDate_Original,INSTITUTIONAL and FINANCIAL
d17,MaturityDate_Last,INSTITUTIONAL and FINANCIAL
d17,ApplicationSignedHour,UNCLASSIFIED
d17,ApplicationSignedWeekday,UNCLASSIFIED
d17,VerificationType,UNCLASSIFIED
d17,LanguageCode,ALTERNATIVE
d17,Age,DEMOGRAPHIC
d17,Gender,DEMOGRAPHIC
d17,Country,ALTERNATIVE
d17,AppliedAmount,INSTITUTIONAL and FINANCIAL
d17,Amount,INSTITUTIONAL and FINANCIAL
d17,Interest,INSTITUTIONAL and FINANCIAL
d17,LoanDuration,INSTITUTIONAL and FINANCIAL
d17,MonthlyPayment,INSTITUTIONAL and FINANCIAL
d17,Education,SOCIOECONOMIC
d17,EmploymentDurationCurrentEmployer,SOCIOECONOMIC
d17,OccupationArea,SOCIOECONOMIC
d17,HomeOwnershipType,SOCIOECONOMIC
d17,IncomeFromPrincipalEmployer,SOCIOECONOMIC
d17,IncomeFromPension,SOCIOECONOMIC
d17,IncomeFromFamilyAllowance,SOCIOECONOMIC
d17,IncomeFromSocialWelfare,SOCIOECONOMIC
d17,IncomeFromLeavePay,SOCIOECONOMIC
d17,IncomeFromChildSupport,SOCIOECONOMIC
d17,IncomeOther,SOCIOECONOMIC
d17,IncomeTotal,SOCIOECONOMIC
d17,ExistingLiabilities,INSTITUTIONAL and FINANCIAL
d17,LiabilitiesTotal,INSTITUTIONAL and FINANCIAL
d17,RefinanceLiabilities,INSTITUTIONAL and FINANCIAL
d17,DebtToIncome,INSTITUTIONAL and FINANCIAL
d17,FreeCash,INSTITUTIONAL and FINANCIAL
d17,MonthlyPaymentDay,INSTITUTIONAL and FINANCIAL
d17,ActiveScheduleFirstPaymentReached,INSTITUTIONAL and FINANCIAL
d17,PlannedPrincipalTillDate,INSTITUTIONAL and FINANCIAL
d17,PlannedInterestTillDate,INSTITUTIONAL and FINANCIAL
d17,LastPaymentOn,INSTITUTIONAL and FINANCIAL
d17,CurrentDebtDaysPrimary,INSTITUTIONAL and FINANCIAL
d17,DebtOccuredOn,INSTITUTIONAL and FINANCIAL
d17,CurrentDebtDaysSecondary,INSTITUTIONAL and FINANCIAL
d17,DebtOccuredOnForSecondary,INSTITUTIONAL and FINANCIAL
d17,ExpectedLoss,INSTITUTIONAL and FINANCIAL
d17,LossGivenDefault,INSTITUTIONAL and FINANCIAL
d17,ExpectedReturn,INSTITUTIONAL and FINANCIAL
d17,ProbabilityOfDefault,INSTITUTIONAL and FINANCIAL
d17,DefaultDate,INSTITUTIONAL and FINANCIAL
d17,PrincipalOverdueBySchedule,INSTITUTIONAL and FINANCIAL
d17,PlannedPrincipalPostDefault,INSTITUTIONAL and FINANCIAL
d17,PlannedInterestPostDefault,INSTITUTIONAL and FINANCIAL
d17,EAD1,INSTITUTIONAL and FINANCIAL
d17,EAD2,INSTITUTIONAL and FINANCIAL
d17,PrincipalRecovery,INSTITUTIONAL and FINANCIAL
d17,InterestRecovery,INSTITUTIONAL and FINANCIAL
d17,RecoveryStage,INSTITUTIONAL and FINANCIAL
d17,StageActiveSince,INSTITUTIONAL and FINANCIAL
d17,ModelVersion,UNCLASSIFIED
d17,Rating,INSTITUTIONAL and FINANCIAL
d17,Status,INSTITUTIONAL and FINANCIAL
d17,Restructured,INSTITUTIONAL and FINANCIAL
d17,ActiveLateCategory,INSTITUTIONAL and FINANCIAL
d17,WorseLateCategory,INSTITUTIONAL and FINANCIAL
d17,CreditScoreEsMicroL,INSTITUTIONAL and FINANCIAL
d17,CreditScoreEsEquifaxRisk,INSTITUTIONAL and FINANCIAL
d17,CreditScoreFiAsiakasTietoRiskGrade,INSTITUTIONAL and FINANCIAL
d17,CreditScoreEeMini,INSTITUTIONAL and FINANCIAL
d17,PrincipalPaymentsMade,INSTITUTIONAL and FINANCIAL
d17,InterestAndPenaltyPaymentsMade,INSTITUTIONAL and FINANCIAL
d17,PrincipalWriteOffs,INSTITUTIONAL and FINANCIAL
d17,InterestAndPenaltyWriteOffs,INSTITUTIONAL and FINANCIAL
d17,PrincipalBalance,INSTITUTIONAL and FINANCIAL
d17,InterestAndPenaltyBalance,INSTITUTIONAL and FINANCIAL
d17,NoOfPreviousLoansBeforeLoan,INSTITUTIONAL and FINANCIAL
d17,AmountOfPreviousLoansBeforeLoan,INSTITUTIONAL and FINANCIAL
d17,PreviousRepaymentsBeforeLoan,INSTITUTIONAL and FINANCIAL
d17,PreviousEarlyRepaymentsCountBeforeLoan,INSTITUTIONAL and FINANCIAL
d17,GracePeriodStart,INSTITUTIONAL and FINANCIAL
d17,GracePeriodEnd,INSTITUTIONAL and FINANCIAL
d17,NextPaymentDate,INSTITUTIONAL and FINANCIAL
d17,NextPaymentNr,INSTITUTIONAL and FINANCIAL
d17,NrOfScheduledPayments,INSTITUTIONAL and FINANCIAL
d17,ReScheduledOn,INSTITUTIONAL and FINANCIAL
d17,PrincipalDebtServicingCost,INSTITUTIONAL and FINANCIAL
d17,InterestAndPenaltyDebtServicingCost,INSTITUTIONAL and FINANCIAL
d17,ActiveLateLastPaymentCategory,INSTITUTIONAL and FINANCIAL
d17,LoanCancelled,INSTITUTIONAL and FINANCIAL
d17,PreviousEarlyRepaymentsBeforeLoan,INSTITUTIONAL and FINANCIAL
d18,Borrower,UNCLASSIFIED
d18,Loan ID,UNCLASSIFIED
d18,Credit score,INSTITUTIONAL and FINANCIAL
d18,Loan amount,INSTITUTIONAL and FINANCIAL
d18,Disbursal date,INSTITUTIONAL and FINANCIAL
d18,Interest rate,INSTITUTIONAL and FINANCIAL
d18,Loan term,INSTITUTIONAL and FINANCIAL
d18,Borrower type,SOCIOECONOMIC
d18,Loan type,INSTITUTIONAL and FINANCIAL
d18,Actual repayment date,INSTITUTIONAL and FINANCIAL
d18,Expected repayment date,INSTITUTIONAL and FINANCIAL
d18,Loan status,INSTITUTIONAL and FINANCIAL
d18,Days late,INSTITUTIONAL and FINANCIAL
d18,Purpose,"VALUES, ATTITUDES and BEHAVIORAL"
d18,Monthly payment,INSTITUTIONAL and FINANCIAL
d18,Outstanding principal,INSTITUTIONAL and FINANCIAL
d18,Repaid principal,INSTITUTIONAL and FINANCIAL
d18,Outstanding interest,INSTITUTIONAL and FINANCIAL
d18,Repaid interest,INSTITUTIONAL and FINANCIAL
d18,Delay interest,INSTITUTIONAL and FINANCIAL
d18,Arrears,INSTITUTIONAL and FINANCIAL
d18,Birth year,DEMOGRAPHIC
d18,Gender,DEMOGRAPHIC
d18,City,ALTERNATIVE
d18,Marital status,DEMOGRAPHIC
d18,Children,SOCIOECONOMIC
d18,Residential status,SOCIOECONOMIC
d18,Education,SOCIOECONOMIC
d18,Occupation,SOCIOECONOMIC
d18,Months at current employer,SOCIOECONOMIC
d18,Years working total,SOCIOECONOMIC
d18,Employment status,SOCIOECONOMIC
d18,DTI,INSTITUTIONAL and FINANCIAL
d18,Family liabilities,INSTITUTIONAL and FINANCIAL
d18,Family income,SOCIOECONOMIC
d18,Borrower income,SOCIOECONOMIC
d18,Borrower liabilities,INSTITUTIONAL and FINANCIAL
d18,Spouse income,SOCIOECONOMIC
d18,Spouse liabilities,INSTITUTIONAL and FINANCIAL
d18,Last debt payment date,INSTITUTIONAL and FINANCIAL
d18,Report date,UNCLASSIFIED